id;nombre;apellido_paterno;apellido_materno;cedula_identidad;email
1;Ana;González;Acosta;750964385;jerry24@hotmail.com
2;Luis;Rodríguez;Alvarado;849125630;kate89@gmail.com
3;Sofía;García;Arce;693487125;luke32@yahoo.com
4;Diego;Martínez;Arias;427815936;olivia45@gmail.com
5;Carmen;Pérez;Báez;560379821;johnny87@outlook.com
6;Alejandro;Sánchez;Barajas;308694157;nancy63@yahoo.com
7;Laura;López;Benavides;956138247;mike29@hotmail.com
8;Carlos;Gómez;Bravo;241789365;grace22@outlook.com
9;Adriana;Hernández;Campos;896073451;peter78@gmail.com
10; José; Díaz; Carrillo;513978460; sarah51@yahoo.com
11; Andrea; Fernández; Cazares;284635179; dave93@hotmail.com
12; Mario; Torres; Chávez;607398214; lisa76@gmail.com
13; Paula; Ramírez; Contreras;192735864; brian55@yahoo.com
14; Ricardo; Flores; Corona;358401276; tina19@outlook.com
15; Mariana; Cruz; Cortés;790642583; george67@gmail.com
16; Gabriel; Reyes; Delgado;965230148; melissa42@yahoo.com
17; Valeria; Ortiz; Escamilla;427853619; tommy81@hotmail.com
18; Eduardo; Aguilar; Esquivel;830971425; cathy39@outlook.com
19; Natalia; Ramos; Fajardo;461802375; andrew26@gmail.com
20; Julián; Velázquez; Galván;372841596; jessica12@yahoo.com
21; Victoria; Castillo; Garza;186597430; steve48@hotmail.com
22; Rafael; Moreno; Guerrero;509731482; emily68@gmail.com
23; Fernanda; Gutiérrez; Haro;635217948; david59@yahoo.com
24; Juan; Núñez; Ibarra;913847506; julie74@outlook.com
25; Daniela; Morales; Jacobo;824615739; scott18@gmail.com
26; Francisco; Mendoza; Jaimes;758431629; laura36@yahoo.com
27; Catalina; Vázquez; Leal;394187562; ryan83@hotmail.com
28; Gustavo; Juárez; León;247813596; tiffany57@gmail.com
29; Camila; Jiménez; Lozano;108275394; adam71@yahoo.com
30; Arturo; Espinoza; Lucero;462308579; kelly28@outlook.com
31; Mónica; Ríos; Maldonado;510962387; eric62@gmail.com
32; Sebastián; Solís; Mata;835417926; samantha13@yahoo.com
33; Isabella; Vega; Medrano;256943710; charlie47@hotmail.com
34; Emilio; Castro; Miranda;796482513; michelle85@gmail.com
35; Lucía; Méndez; Nava;341270956; mark70@yahoo.com
36; Oscar; Montes; Nieves;983471625; kristen24@outlook.com
37; Daniella; Luna; Ochoa;147693258; matthew98@gmail.com
38; Germán; Villegas; Olvera;609428315; ashley09@yahoo.com
39; Ana Sofía; Cervantes; Paredes;362174598; jason50@hotmail.com
40; Miguel; Pacheco; Peralta;974130628; christina37@gmail.com
41; Paola; Fuentes; Quiroz;285761934; daniel94@yahoo.com
42; Sergio; Miranda; Rangel;671539820; heather66@outlook.com
43; Fabiana; Miranda; Rivera;409286735; kevin27@gmail.com
44; Humberto; Miranda; Rojas;238917456; amanda52@yahoo.com
45; Diana; Miranda; Romo;815497632; jennifer77@hotmail.com
46; Antonio; Miranda; Rubio;530816942; nick41@gmail.com
47; Silvia; Miranda; Salazar;627183495; stephanie16@yahoo.com
48; Jorge; Miranda; Sandoval;914657328; patrick73@outlook.com
49; Ana María; Miranda; Serna;370924861; lauren88@gmail.com
50; Guillermo; Miranda; Vargas;582496137; bobby80@yahoo.com
